Genome;classified_CPBay_Spr15G08_DNA.bac.ar;classified_CPBay_Spr15L08_DNA.bac.ar;classified_CPBay_Spr31G08_DNA.bac.ar;classified_CPBay_Spr31L08_DNA.bac.ar;classified_CPBay_Sum06G08_DNA.bac.ar;classified_CPBay_Sum06L08_DNA.bac.ar;classified_CPBay_Sum15G08_DNA.bac.ar;classified_CPBay_Sum15L08_DNA.bac.ar;classified_CPBay_Sum20G08_DNA.bac.ar;classified_CPBay_Sum27G08_DNA.bac.ar;classified_CPBay_Sum27L08_DNA.bac.ar;classified_DEBay_Spr_20_G08.bac.ar;classified_DEBay_Spr_20_L08.bac.ar;classified_DEBay_Spr_30_G08.bac.ar;classified_DEBay_Spr_30_L08.bac.ar;classified_DEBay_Sum_019_D_G08.bac.ar;classified_DEBay_Sum_019_D_L08.bac.ar;classified_DEBay_Sum_019_N_G08.bac.ar;classified_DEBay_Sum_019_N_L08.bac.ar;classified_DEBay_Sum_22_D_G08.bac.ar;classified_DEBay_Sum_22_D_L08.bac.ar;classified_DEBay_Sum_22_N_G08.bac.ar;classified_DEBay_Sum_22_N_L08.bac.ar;classified_DEBay_Sum_29_D_G08.bac.ar;classified_DEBay_Sum_29_D_L08.bac.ar;classified_DEBay_Sum_29_N_G08.bac.ar;classified_DEBay_Sum_29_N_L08.bac.ar
Acidimicrobiales_MAG_1;0;0;0;0;3416.5242;539.87146;0;0;0;0;0;0;0;0;0;1142.8567;0;0;0;0;0;0;0;0;0;0;0
Acidimicrobiales_MAG_10;0;0;0;0;4441.895;3913.4836;0;0;0;0;0;0;0;0;0;2537.8875;1377.9265;1209.3488;1817.7273;0;0;0;0;0;0;0;0
Acidimicrobiales_MAG_11;0;0;0;0;11978.663;7090.8184;18892.75;18482.965;5165.951;3426.8115;2387.4692;0;0;0;0;1693.1453;975.99915;1639.5087;1711.6124;8352.214;11174.024;10539.003;9610.437;7146.844;8749.802;6414.4165;7188.387
Acidimicrobiales_MAG_12;0;0;0;0;12751.002;3388.954;0;0;0;0;0;0;0;0;0;8614.683;6156.2075;4374.417;7777.2417;0;0;0;0;0;0;0;0
Acidimicrobiales_MAG_13;0;0;0;0;5244.7344;6000.6294;0;0;0;0;0;0;0;0;0;7063.729;11890.683;6467.661;10455.093;0;0;0;0;0;0;0;0
Acidimicrobiales_MAG_14;0;0;0;0;14473.871;13761.761;0;0;0;0;0;0;0;0;0;2763.234;3598.752;1681.0476;4789.526;0;0;0;0;0;0;0;0
Acidimicrobiales_MAG_15;0;0;0;0;8844.245;5742.9106;0;0;0;0;0;0;0;0;0;8437.138;9312.015;3871.1377;8141.386;0;0;0;0;0;0;0;0
Acidimicrobiales_MAG_16;0;0;0;0;20616.713;23393.58;13884.902;21257.396;2646.2866;0;203.7608;0;0;0;0;4720.7607;7539.2627;6658.1904;9627.816;178.75786;538.04706;394.03555;761.7842;0;0;0;0
Acidimicrobiales_MAG_17;0;0;0;0;913.8617;432.1217;0;0;0;0;0;0;0;0;0;17394.414;16683.268;8064.3325;16554.898;0;0;0;0;0;0;0;0
Acidimicrobiales_MAG_18;0;0;0;0;2710.1213;1106.736;0;0;0;0;0;0;0;0;0;3748.3372;3363.399;1712.8552;3150.522;0;0;0;0;0;0;0;0
Acidimicrobiales_MAG_19;0;0;0;0;8212.916;3535.4333;0;0;0;0;0;0;0;0;0;10274.887;4624.0386;3549.7073;7040.2207;0;0;0;0;0;0;0;0
Acidimicrobiales_MAG_2;0;0;0;0;2758.5261;4927.082;5504.6465;9514.86;0;0;0;0;0;0;0;1345.0112;2693.3237;2455.8318;2567.1814;0;0;0;0;0;0;0;0
Acidimicrobiales_MAG_20;0;0;0;0;40837.133;14295.557;0;0;0;0;0;0;0;0;0;17034.03;9068.576;7320.127;10552.479;0;0;0;0;0;0;0;0
Acidimicrobiales_MAG_21;8520.476;2621.497;363.47784;146.45692;1903.3846;762.18463;8473.484;3305.4395;920.70776;0;0;0;0;0;0;3133.9607;2890.0188;2473.715;2350.1074;0;0;0;0;0;0;0;0
Acidimicrobiales_MAG_22;0;0;0;0;974.28894;365.85522;0;0;0;0;0;0;0;0;0;19647.78;23877.143;13390.044;16271.153;0;0;0;0;0;0;0;0
Acidimicrobiales_MAG_23;0;0;0;0;2068.278;2642.3372;0;0;0;0;0;0;0;0;0;595.197;514.4317;320.8467;542.28125;0;0;0;0;0;0;0;0
Acidimicrobiales_MAG_24;0;0;0;0;387.68253;0;0;0;0;0;0;0;0;0;0;7052.8413;1204.885;3197.777;3412.1904;0;0;0;0;0;0;0;0
Acidimicrobiales_MAG_25;0;0;0;0;0;0;0;0;0;0;0;0;0;0;0;0;0;0;0;445.88678;3900.441;508.21634;2247.736;354.92706;1240.9036;0;1329.378
Acidimicrobiales_MAG_3;0;0;0;0;39954.78;76421.336;0;275.2373;0;0;0;0;0;0;0;24487.316;50944.773;44140.418;46859.19;0;0;0;148.60107;0;0;0;0
Acidimicrobiales_MAG_4;0;0;0;0;29659.213;57678.133;0;266.31818;0;0;0;0;0;0;0;16219.918;34031.957;31193.97;33361.24;0;87.338486;0;169.169;0;0;0;0
Acidimicrobiales_MAG_5;0;0;0;0;5819.8433;1061.5068;0;0;0;0;0;0;0;0;0;2364.35;465.86545;1192.08;734.7764;0;0;0;0;0;0;0;0
Acidimicrobiales_MAG_6;0;0;0;0;0;0;2018.5695;2520.307;1018.7224;987.95807;948.65857;0;0;0;0;0;0;0;0;2739.4368;8111.6025;3005.0852;6352.5625;2004.0895;3525.1462;2040.6067;3461.2852
Acidimicrobiales_MAG_7;0;0;0;0;0;0;2036.5405;2905.9377;1425.8107;1095.9742;1198.5981;0;0;0;0;0;0;0;0;3487.4163;11806.27;4249.5376;8234.566;4968.2124;9778.687;4533.2915;8646.16
Acidimicrobiales_MAG_8;0;0;0;0;836.0848;1756.8958;17815.098;36846.66;11204.665;12099.566;22222.49;0;0;0;0;0;0;0;992.454;14024.618;106437.03;18355.95;69547.7;13322.731;54536.01;13891.855;55903.54
Acidimicrobiales_MAG_9;0;0;0;0;21119.963;6808.1787;0;0;0;0;0;0;0;0;0;3503.0447;1905.6306;1470.8982;2535.79;0;0;0;0;0;0;0;0
Actinomycetales_MAG_1;8456.257;9466.645;0;172.27705;0;0;0;0;0;0;0;0;0;0;0;0;0;0;0;0;0;0;0;0;0;0;0
Actinomycetales_MAG_10;1996.5354;1297.3738;3640.1921;2503.149;0;0;0;183.03345;0;0;0;546.1798;1017.8271;1313.1338;1334.1365;0;0;0;0;477.18475;1568.9437;593.7386;1349.1079;455.09235;588.0527;473.08423;544.8488
Actinomycetales_MAG_11;2008.2719;1293.4563;2788.7185;3288.4011;0;0;0;195.87282;0;0;0;557.56024;1051.2617;1351.1359;1384.8092;0;0;0;0;489.83505;1588.6193;604.2896;1365.0688;487.86465;603.2847;475.76837;543.8401
Actinomycetales_MAG_12;1508.028;1023.0071;1990.165;1827.0472;0;0;0;165.44402;0;0;0;729.28613;1253.1444;1375.4957;2524.8115;0;0;0;0;556.575;1860.2878;689.5408;1612.5587;499.80283;653.499;506.95584;616.2363
Actinomycetales_MAG_13;1117.7482;774.7046;1830.3502;1566.4231;0;0;0;110.20895;0;0;0;1099.5563;1816.8763;1611.8;1467.9581;0;0;0;0;711.3437;3249.8918;878.9167;2214.5645;616.1235;897.00684;666.32745;778.2428
Actinomycetales_MAG_14;1093.807;756.6334;1687.5522;1485.2776;0;0;0;110.07555;0;0;0;999.2558;1581.6881;1369.3866;1301.4563;0;0;0;0;591.4864;2160.7798;743.6902;1833.1016;532.13983;751.25806;547.94617;1380.3723
Actinomycetales_MAG_15;0;96.69453;11841.377;8325.009;0;0;0;0;0;0;0;0;0;1445.4663;584.7474;0;0;0;0;0;0;0;0;0;0;0;0
Actinomycetales_MAG_16;0;0;0;0;641.795;1571.3097;0;0;0;0;0;0;0;0;0;0;0;0;0;0;0;0;0;0;0;0;0
Actinomycetales_MAG_17;0;0;0;0;0;0;0;0;0;0;0;0;0;0;0;0;0;0;0;0;0;0;0;0;0;0;0
Actinomycetales_MAG_18;0;0;0;0;1373.6808;2673.691;0;0;0;0;0;0;0;0;0;3702.2695;7128.3193;3252.1768;5846.891;0;0;0;0;0;0;0;0
Actinomycetales_MAG_2;39616.273;29642.775;7864.36;9669.136;428.17377;582.9686;18721.018;26617.43;17164.943;15105.216;15909.307;248.42603;282.69727;0;0;0;0;0;845.4846;23073.332;21500.209;27032.727;22053.53;13406.463;15913.365;14334.231;15194.794
Actinomycetales_MAG_3;0;0;0;0;2381.8657;3485.1504;0;0;0;0;0;0;0;0;0;1097.7023;1728.1777;786.897;1080.2584;0;0;0;0;0;0;0;0
Actinomycetales_MAG_4;11139.996;3912.7898;4114.1567;2599.332;0;0;0;0;0;0;0;7961.9204;8726.734;13669.649;9581.341;0;0;0;0;0;0;0;0;0;0;0;0
Actinomycetales_MAG_5;2880.1672;1263.7838;2583.0127;1914.6276;0;0;0;0;0;0;0;33301.066;44151.95;15231.37;11215.142;0;0;0;0;0;0;0;0;0;0;0;0
Actinomycetales_MAG_6;21772.348;11853.168;10809.928;4663.951;0;0;3159.4702;2653.319;3147.319;5598.5273;2424.063;164.1069;245.31433;500.0789;433.26434;0;0;0;0;7279.228;16043.844;8797.28;13790.664;7900.134;7090.8755;7789.931;6713.6885
Actinomycetales_MAG_7;18023.549;11927.52;12964.319;5817.3403;0;0;3923.884;3735.7646;4124.565;7432.162;3664.9622;228.02333;291.3138;782.33777;609.40674;0;0;0;272.7227;10105.269;24705.953;13264.521;20917.006;10636.709;10785.348;10741.568;10354.037
Actinomycetales_MAG_8;1256.3406;842.83435;1901.9957;1642.5635;0;0;0;138.59177;0;0;0;1070.5483;1788.884;1617.5576;1500.105;0;0;0;0;703.8794;2514.105;880.8753;2610.1362;597.6804;858.63074;640.3302;779.2818
Actinomycetales_MAG_9;3390.7158;2350.6702;2790.4653;2479.5774;0;0;322.75497;338.05533;248.9333;0;197.81161;549.3274;1115.9236;1345.341;1465.2076;0;0;0;0;493.9185;1639.9144;605.2568;1425.0161;518.4106;646.90027;473.26428;593.88525
Arenicellales_MAG_1;0;0;0;0;0;0;0;0;0;0;0;4636.591;0;0;0;0;0;0;0;0;0;0;0;0;0;0;0
Arenicellales_MAG_2;0;0;0;0;0;0;5871.41;10315.819;3453.9304;3271.8032;3640.088;0;0;0;0;0;0;0;0;4686.999;12946.466;5941.4272;12153.882;9230.815;16914.086;8288.599;16725.254
Bacteriovoracales_MAG_1;2386.834;916.72345;0;0;0;0;0;0;0;0;0;0;0;0;0;0;0;0;0;0;0;0;0;0;0;0;0
Balneolales_MAG_1;0;0;0;0;0;0;5141.502;638.33124;7832.6167;8408.053;1527.8652;0;0;0;0;0;0;0;0;3012.6506;179.07727;3913.3533;118.09045;12661.889;1972.8911;9266.998;710.6493
Balneolales_MAG_2;0;0;0;0;0;0;4642.4463;582.64014;5777.274;7977.2046;1438.2506;0;0;0;0;0;0;0;0;3958.9238;234.71924;5129.1333;139.41393;18089.701;2543.6519;12168.635;894.5576
Balneolales_MAG_3;0;0;0;0;0;0;4012.8777;1752.0703;7832.1157;14356.299;5575.4404;0;0;0;0;0;0;0;0;2680.523;1351.3428;3469.215;1720.5416;4120.3804;2486.3887;4210.171;1728.1918
Balneolales_MAG_4;0;0;0;0;0;0;2940.279;4387.8374;1613.9065;1261.8069;1527.5287;0;0;0;0;0;0;0;0;0;0;0;0;0;0;0;0
BD1-5_MAG_1;0;0;0;0;0;0;0;0;0;0;0;8345.211;6544.003;0;0;0;0;0;0;0;0;0;0;0;0;0;0
Burkholderiales_MAG_1;6989.865;807.3805;1412.3464;350.26468;0;0;0;0;0;0;0;9250.035;3585.5781;2494.5745;792.8104;0;0;0;0;0;0;0;0;0;0;0;0
Burkholderiales_MAG_10;0;0;0;0;0;0;0;0;0;0;0;0;0;0;0;0;0;0;0;0;0;0;0;0;0;0;0
Burkholderiales_MAG_11;0;0;0;0;3749.5957;963.62024;0;0;0;0;0;0;0;0;0;1969.267;621.6212;858.1719;1957.3551;0;0;0;0;0;0;0;0
Burkholderiales_MAG_12;1308.108;152.77536;410.38385;96.76224;568.5061;258.42123;0;0;0;0;0;319.91696;0;0;0;0;0;0;0;279.8643;132.70834;499.36758;195.40173;0;0;0;0
Burkholderiales_MAG_13;8881.232;1043.0747;8840.097;1148.8811;0;0;0;0;0;0;0;2570.5522;694.28644;3900.482;801.40955;0;0;0;0;0;0;0;0;0;0;0;0
Burkholderiales_MAG_14;0;0;0;0;0;0;0;0;0;0;0;0;0;0;0;6587.037;5171.2134;3269.7944;5707.9766;0;0;0;0;0;0;0;0
Burkholderiales_MAG_15;0;0;0;0;2773.545;521.12445;0;0;0;0;0;0;0;0;0;2120.1921;510.27676;1121.9934;1422.1874;0;0;0;0;0;0;0;0
Burkholderiales_MAG_16;0;0;0;0;0;0;0;0;0;0;0;0;0;0;0;0;0;0;0;0;0;0;0;0;0;0;0
Burkholderiales_MAG_17;0;0;0;0;6781.613;1210.9033;0;0;0;0;0;0;0;0;0;11976.253;1499.6338;7619.019;5405.0073;0;0;0;0;0;0;0;0
Burkholderiales_MAG_18;0;0;0;0;9905.803;2287.2017;0;0;0;0;0;0;0;0;0;892.58734;545.1656;445.66953;534.9963;0;0;0;0;0;0;0;0
Burkholderiales_MAG_19;1103.0426;983.1162;3683.955;10952.304;0;0;0;0;0;0;0;4225.039;13679.542;11158.832;23317.744;0;0;0;0;0;0;0;0;0;0;0;0
Burkholderiales_MAG_2;6310.5425;1900.6339;2190.516;945.05695;0;0;0;0;0;0;0;5042.3374;2622.9873;581.8436;262.77832;0;0;0;0;0;0;0;0;0;0;0;0
Burkholderiales_MAG_20;1280.8607;785.7833;0;185.87202;534.36676;718.8761;3913.5002;3739.2505;2942.2158;2158.551;1839.8699;0;0;0;0;0;0;229.1189;0;6364.5723;6285.8594;6368.461;6597.8193;3035.1355;4033.5603;3270.4805;3874.5874
Burkholderiales_MAG_21;1146.265;968.2155;0;131.46468;641.7577;932.43536;2816.8538;2868.3337;1910.8153;1302.7832;1136.4161;0;0;0;0;0;0;0;0;2200.9587;2245.435;2272.3564;2284.3284;1147.0437;1468.472;1173.1078;1405.4763
Burkholderiales_MAG_22;1572.9454;1116.5969;0;172.235;1049.6559;1830.5502;3187.8948;3638.8418;2038.027;1174.0558;1227.6671;0;0;0;0;0;0;255.68033;0;1329.1842;1438.1539;1416.3402;1538.6006;706.6111;963.1719;723.18854;944.5168
Burkholderiales_MAG_23;1232.0736;734.30493;0;175.161;579.06805;789.49023;3300.4216;3862.0334;2354.811;1675.7847;1480.7913;0;0;0;0;0;0;252.48476;0;3328.6204;3301.2085;3402.8345;3311.5825;1716.9249;2148.8032;1763.2432;2102.4
Burkholderiales_MAG_24;971.08405;651.6513;0;145.40619;453.58752;636.7401;3095.357;3013.7139;3472.6575;1568.6686;1351.4556;0;0;0;0;0;0;0;0;3151.0208;3154.9084;3139.6223;3148.8188;1422.5232;2024.049;1499.3413;2011.9238
Burkholderiales_MAG_25;6982.7993;6161.22;550.3903;1374.1721;434.46405;514.2899;7063.5034;8555.614;5401.7124;2596.8691;2438.7942;632.76904;1180.5582;0;384.90756;0;0;587.2608;0;2291.846;3132.4414;3361.8435;4461.8735;3816.3093;5513.691;4102.984;4381.571
Burkholderiales_MAG_26;0;284.44073;2162.9258;7684.835;0;0;0;0;0;0;478.23303;227.4504;1293.3441;2116.0017;5953.066;0;0;0;0;426.80353;542.7166;421.62842;548.42346;972.52515;2310.4895;1322.5533;2613.7134
Burkholderiales_MAG_27;3905.976;1953.7639;0;92.57152;0;0;0;0;0;0;0;0;0;0;0;0;0;0;0;0;0;0;0;0;0;0;0
Burkholderiales_MAG_28;0;0;0;0;10444.822;21207.605;0;0;0;0;0;0;0;0;0;5183.6235;11166.593;27557.152;8653.04;0;0;0;0;0;0;0;0
Burkholderiales_MAG_29;0;0;0;0;2354.8323;1524.3344;0;0;0;0;0;0;0;0;0;607.398;218.7705;758.38055;770.16614;0;0;0;0;0;0;0;0
Burkholderiales_MAG_3;0;0;0;0;3154.7776;2042.773;0;0;0;0;0;0;0;0;0;6069.64;4204.004;4385.754;5949.4478;0;0;0;0;0;0;0;0
Burkholderiales_MAG_30;0;0;0;0;1916.1656;491.6669;0;0;0;0;0;0;0;0;0;7896.145;3528.8362;3266.8193;6173.1245;0;0;0;0;0;0;0;0
Burkholderiales_MAG_4;0;0;0;0;4721.7334;3922.7466;0;0;0;0;0;0;0;0;0;9824.995;8589.182;7179.0703;11717.917;0;0;0;0;0;0;0;0
Burkholderiales_MAG_5;0;0;0;0;4248.824;1918.6058;0;0;0;0;0;0;0;0;0;2758.1208;655.507;1264.8002;3548.0728;0;0;0;0;0;0;0;0
Burkholderiales_MAG_6;0;0;0;0;311.6778;101.87249;0;0;0;0;0;0;0;0;0;1454.793;602.83966;1133.6353;1297.7549;0;0;0;0;0;0;0;0
Burkholderiales_MAG_7;0;0;0;0;2394.4148;814.5475;0;0;0;0;0;0;0;0;0;8265.076;4356.374;4582.4395;5652.072;0;0;0;0;0;0;0;0
Burkholderiales_MAG_8;0;0;0;0;565.3379;144.5411;0;0;0;0;0;0;0;0;0;8916.222;4926.3564;5717.7207;6860.7183;0;0;0;0;0;0;0;0
Burkholderiales_MAG_9;0;0;0;0;0;0;0;0;0;0;0;0;0;0;0;0;0;0;0;0;0;0;0;0;0;0;0
Chitinophagales_MAG_1;0;0;0;0;2735.2886;918.1194;0;0;0;0;0;0;0;0;0;389.89532;0;745.06024;251.33905;0;0;0;0;0;0;0;0
Chitinophagales_MAG_10;60380.066;1445.9288;923.26337;0;301.5597;0;0;0;0;0;0;1695.1641;0;0;0;0;0;0;0;0;0;0;0;0;0;0;0
Chitinophagales_MAG_11;535.49524;0;0;0;0;0;0;0;0;0;0;7165.8066;0;5801.418;0;0;0;0;0;0;0;0;0;0;0;0;0
Chitinophagales_MAG_12;9820.896;120.89503;10981.756;226.79582;0;0;0;0;0;0;0;13111.998;0;9105.503;0;0;0;0;0;0;0;0;0;0;0;0;0
Chitinophagales_MAG_13;1665.7131;0;0;0;0;0;0;0;0;0;0;237256.02;947.01526;15785.785;0;0;0;0;0;0;0;0;0;0;0;0;0
Chitinophagales_MAG_14;0;0;0;0;0;0;2480.7695;1466.8345;2068.0198;3099.2573;1301.5724;0;0;0;0;0;0;0;0;8066.4585;3062.8286;9443.079;3589.3555;5786.129;2408.6995;5169.741;1880.216
Chitinophagales_MAG_15;0;0;0;0;0;0;1057.7819;123.45784;1738.6842;2651.8115;0;0;0;0;0;0;0;0;0;20382.885;602.4753;18198.564;184.2487;13053.053;597.85345;10509.063;212.41568
Chitinophagales_MAG_2;0;0;0;0;3305.0894;969.2854;0;0;0;0;0;0;0;0;0;286.03015;0;258.71988;0;0;0;0;0;0;0;0;0
Chitinophagales_MAG_3;0;0;0;0;13289.124;5901.072;0;0;0;0;0;0;0;0;0;5588.043;5622.034;5239.62;3630.2837;0;0;0;0;0;0;0;0
Chitinophagales_MAG_4;0;0;0;0;0;0;0;0;0;0;0;0;0;0;0;3027.6177;4439.5957;4754.822;2610.4773;0;0;0;0;0;0;0;0
Chitinophagales_MAG_5;0;0;0;0;3664.1477;5105.3813;0;0;0;0;0;0;0;0;0;1726.6876;3145.7544;5220.9272;1971.2247;0;0;0;0;0;0;0;0
Chitinophagales_MAG_6;0;0;0;0;7844.734;8875;0;0;0;0;0;0;0;0;0;0;249.53941;0;0;0;0;0;0;0;0;0;0
Chitinophagales_MAG_7;0;0;0;0;1184.2749;1299.5482;0;0;0;0;0;0;0;0;0;8461.38;17468.623;10536.294;10909.911;0;0;0;0;0;0;0;0
Chitinophagales_MAG_8;0;0;0;0;4804.3755;8067.652;0;0;0;0;0;0;0;0;0;1982.3899;4129.9893;2802.6853;2500.813;0;0;0;0;0;0;0;0
Chitinophagales_MAG_9;0;0;0;0;4502.773;680.76324;0;0;0;0;0;0;0;0;0;828.49475;303.17422;915.11664;476.3436;0;0;0;0;0;0;0;0
Chromatiales_MAG_1;0;0;0;0;0;0;460.77618;360.91107;664.7309;0;212.64148;0;0;0;0;0;0;0;0;468.68045;246.30266;627.70465;316.8488;837.77527;438.23672;828.21313;395.52875
Chthoniobacterales_MAG_1;0;0;0;0;1821.7518;0;8032.754;226.94057;9148.501;20317.559;468.69833;0;0;0;0;658.37335;0;0;0;0;0;0;0;0;0;0;0
Chthoniobacterales_MAG_2;0;0;0;0;2874.4514;0;0;0;0;0;0;0;0;0;0;7101.988;0;3641.5356;3491.5361;0;0;0;0;0;0;0;0
Chthoniobacterales_MAG_3;0;0;0;0;4101.644;151.91554;0;0;0;0;0;0;0;0;0;9118.62;1018.75214;4649.835;4587.549;0;0;0;0;0;0;0;0
Cytophagales_MAG_1;16858.648;322.34186;0;0;0;0;0;0;0;0;0;0;0;0;0;0;0;0;0;0;0;0;0;0;0;0;0
Cytophagales_MAG_2;10251.103;3629.0205;5992.711;3986.471;0;0;0;0;0;0;0;11514.43;14322.548;6696.369;5544.3447;0;0;0;0;0;0;0;0;0;0;0;0
Enterobacterales_MAG_1;1347.6857;38.654007;330.5592;0;0;0;0;0;0;0;0;6866.924;796.79395;4503.6772;498.96887;0;0;0;0;0;0;0;0;0;0;0;0
Flavobacteriales_MAG_1;0;0;0;0;4570.904;644.48975;0;0;0;0;0;0;0;0;0;1631.7539;604.54865;1819.5554;834.9167;0;0;0;0;0;0;0;0
Flavobacteriales_MAG_10;0;0;0;0;0;0;23165.482;21229.754;14817.286;5838.7695;15497.758;0;0;0;0;0;0;0;0;664.67865;291.76425;483.28088;342.3375;533.18146;556.0702;0;449.1847
Flavobacteriales_MAG_11;1088.5239;386.105;3966.2021;7125.6484;0;0;0;0;0;0;0;2813.416;4651.1455;8315.173;7839.925;0;0;0;0;274.7702;0;288.51608;107.45368;0;0;0;191.6373
Flavobacteriales_MAG_12;3613.4417;2094.4932;430.33545;725.5774;0;0;1850.735;1117.1556;681.2663;0;235.99255;362.04077;480.69943;0;0;0;0;0;0;2104.125;894.8273;2550.103;1210.7214;310.3632;356.3011;401.57108;274.99646
Flavobacteriales_MAG_13;0;0;0;0;0;0;592.87146;483.8809;1321.1213;2395.0132;1853.8104;0;0;0;0;0;0;0;0;16441.152;9329.255;18047.94;12048.764;1869.2216;3248.1921;2874.073;3037.397
Flavobacteriales_MAG_14;0;0;0;0;70.13382;0;3600.1646;2784.168;1379.7373;1223.4589;884.4755;0;0;0;0;0;0;0;0;1173.7283;1222.0671;1720.4646;1886.9747;569.57574;756.52374;709.27795;720.2403
Flavobacteriales_MAG_15;1064.4105;592.00134;1768.338;3176.7886;0;0;410.20682;252.94171;905.42053;1170.375;894.4885;707.4134;1204.2227;1473.8406;1520.8022;0;0;0;0;6768.5776;3936.016;5837.539;4507.697;1113.018;2284.5889;1594.8986;2148.2317
Flavobacteriales_MAG_16;0;61.460674;283.3329;343.3061;0;0;6951.849;3226.8464;3061.6592;5288.045;2289.8577;0;0;0;269.06125;0;0;0;0;12990.223;4003.0698;14896.232;4855.923;2437.4153;2190.3728;3380.4082;1866.9812
Flavobacteriales_MAG_17;28979.129;3199.226;659.7973;193.15471;0;0;0;0;0;0;0;0;0;1075.2632;574.4192;0;0;0;0;0;0;0;0;0;0;0;0
Flavobacteriales_MAG_18;2085.496;800.9977;5543.552;2257.81;0;0;0;0;0;0;0;4147.943;8235.304;31817.916;30779.893;0;0;0;0;0;0;0;0;0;0;0;0
Flavobacteriales_MAG_19;890.49115;273.4417;7767.2686;1298.5906;0;0;0;0;0;0;0;1939.8015;2966.9382;15213.426;9938.041;0;0;0;0;0;0;0;0;0;0;0;0
Flavobacteriales_MAG_2;0;0;0;0;0;0;1673.7993;369.7134;1528.779;1084.8552;203.01656;0;0;0;0;0;0;0;0;4501.895;526.7989;5847.6855;504.0489;6456.3433;1003.1357;4898.839;477.93573
Flavobacteriales_MAG_20;516.52905;172.05753;492.57568;521.0773;0;0;0;0;0;0;0;3929.2876;10475.793;10134.568;13744.113;0;0;0;0;0;0;0;0;0;0;0;0
Flavobacteriales_MAG_21;0;0;14600.036;33694.523;0;0;0;0;0;0;0;770.3785;971.1461;1902.5645;1510.8191;0;0;0;0;0;0;0;0;0;0;0;0
Flavobacteriales_MAG_22;0;0;0;0;0;0;1825.9097;893.30865;724.5861;1786.8014;1145.6262;0;0;0;0;0;0;0;0;14359.222;12136.393;17006.186;14115.641;7577.5923;6567.9863;8506.272;6048.226
Flavobacteriales_MAG_23;1166.0879;835.13965;423.59906;404.4453;0;0;0;0;0;0;0;6481.0625;1755.2998;1923.1343;923.3082;0;0;0;0;0;0;0;0;0;0;0;0
Flavobacteriales_MAG_24;0;0;0;0;0;0;2300.9082;2380.8618;1434.3441;3266.7412;2996.96;0;0;0;0;0;0;0;338.3117;8605.762;10163.513;11142.643;13483.202;2173.6404;3583.0215;3465.2537;3517.347
Flavobacteriales_MAG_25;0;0;1982.7634;1685.4075;0;0;0;0;0;0;0;7879.089;8285.54;26781.863;15233.026;0;0;0;0;0;0;0;0;0;0;0;0
Flavobacteriales_MAG_26;326.12378;142.95378;7995.8877;7308.7705;0;0;0;0;0;0;0;1104.2526;1881.3917;3847.107;4192.4854;0;0;0;0;3842.401;1624.5608;4857.8843;2231.7122;791.15405;594.647;980.9771;459.87668
Flavobacteriales_MAG_27;0;0;0;0;0;0;10807.943;6483.2725;7347.996;5340.349;4050.199;0;0;0;0;0;0;0;0;348.5835;379.98145;475.54745;509.90097;748.4477;725.0192;667.82947;601.4012
Flavobacteriales_MAG_28;6575.1055;2338.58;3433.1296;3553.882;0;0;0;0;0;0;0;2187.272;4404.341;2611.2656;2529.5366;0;0;0;0;0;0;0;0;0;0;0;0
Flavobacteriales_MAG_29;562.0541;250.83908;8346.465;8597.805;0;0;0;0;0;0;0;177.71045;309.35168;385.63028;421.2482;0;0;0;0;0;0;0;0;0;0;0;0
Flavobacteriales_MAG_3;2491.3198;259.00598;2193.1936;224.56352;0;0;0;0;0;0;0;9167.969;1203.2802;17203.39;1093.0531;0;0;0;0;0;0;0;0;0;0;0;0
Flavobacteriales_MAG_30;370.58212;0;626.287;0;0;0;0;0;0;0;0;9949.345;424.357;1963.4554;0;0;0;0;0;0;0;0;0;0;0;0;0
Flavobacteriales_MAG_31;3069.588;57.869976;428.63852;0;0;0;0;0;0;0;0;8669.097;240.9146;8446.767;0;0;0;0;0;0;0;0;0;0;0;0;0
Flavobacteriales_MAG_32;36200.195;306.28055;0;0;0;0;0;0;0;0;0;0;0;0;0;0;0;0;0;0;0;0;0;0;0;0;0
Flavobacteriales_MAG_33;0;0;257.95145;145.71352;3521.9658;1688.0424;871.16296;585.3513;300.9885;0;166.16109;0;0;0;0;162.60713;0;600.3903;477.85648;9550.988;9087.579;12802.36;8637.774;970.94745;757.11346;1013.5834;644.965
Flavobacteriales_MAG_34;0;54.912964;224.36658;157.26985;1618.7775;815.4226;662.8596;386.6063;252.40314;0;140.8453;0;0;0;0;0;0;0;267.01907;7280.0195;9013.094;9472.686;8344.968;956.5719;949.4256;921.23694;739.81366
Flavobacteriales_MAG_35;0;0;0;0;4884.8667;2318.4126;0;0;0;0;0;0;0;0;0;757.49805;452.95877;440.13675;525.4928;0;0;0;0;0;0;0;0
Flavobacteriales_MAG_36;0;0;0;0;0;0;396.35986;95.954765;1181.7377;18825.684;2354.4326;0;0;0;0;0;0;0;0;2844.8347;245.75385;3602.1667;241.90503;22771.031;2621.2258;24630.555;1747.2762
Flavobacteriales_MAG_37;0;0;0;0;0;0;289.28284;0;860.1666;13795.321;1759.5015;0;0;0;0;0;0;0;0;2162.1216;192.67323;2787.9487;195.17674;15103.682;2071.3071;18548.977;1907.2977
Flavobacteriales_MAG_38;5545.286;2815.6545;16442.383;12595.546;0;0;0;0;0;673.662;433.4197;537.80927;892.98413;3951.779;4754.658;0;0;0;0;6675.6045;4901.1147;8203.236;5200.9424;8494.067;5641.6357;9241.399;4783.598
Flavobacteriales_MAG_39;8967.893;4416.2227;20967.596;16290.935;0;0;0;0;0;756.23413;451.63608;709.8189;1150.2164;4494.8594;3680.6858;0;0;0;282.8898;12384.327;8810.992;15020.068;9356.917;16964.586;10012.089;16718.586;8302.214
Flavobacteriales_MAG_4;0;0;0;0;0;0;770.04755;411.49472;675.1413;1192.7446;424.02728;0;0;0;0;0;0;0;0;9525.082;6133.85;11423.396;6649.1733;6803.0703;3067.5085;6486.974;2164.3289
Flavobacteriales_MAG_40;0;0;0;0;0;0;0;0;0;0;0;2891.6094;11393.585;5517.5337;2640.2566;0;0;0;0;0;0;0;0;0;0;0;0
Flavobacteriales_MAG_41;0;0;0;0;0;0;0;0;0;0;0;3471.674;5331.177;18240.633;7236.394;0;0;0;0;0;0;0;0;0;0;0;0
Flavobacteriales_MAG_5;0;0;5539.924;983.6494;0;0;0;0;0;0;0;1311.7601;858.8277;15874.593;3072.2192;0;0;0;0;0;0;0;0;0;0;0;0
Flavobacteriales_MAG_6;19113.662;9693.523;3883.762;6069.038;0;0;0;0;0;0;0;7910.039;20732.465;18406.58;25018.531;0;0;0;0;166.00049;0;203.51921;97.06761;0;0;0;0
Flavobacteriales_MAG_7;0;0;0;0;0;0;0;0;0;0;1200.2958;0;0;669.1128;834.98834;0;0;0;0;7205.5396;1642.5604;4127.1445;1315.6973;3388.5679;3400.1113;3935.0535;3501.271
Flavobacteriales_MAG_8;0;0;0;0;0;0;8949.224;6085.6606;4024.1602;2215.212;6626.378;0;0;0;0;0;0;0;0;325.04852;0;0;0;0;406.0873;0;399.22784
Flavobacteriales_MAG_9;0;0;0;0;0;0;3014.7659;2783.5718;4376.386;3189.712;9117.285;0;0;0;0;0;0;0;0;693.3998;966.4945;511.71652;1075.2462;0;941.53143;0;989.15814
GCA-002687715_MAG_1;0;0;0;0;221.50871;0;0;0;0;0;0;0;0;0;0;3942.551;0;1405.341;2142.926;0;0;0;0;0;0;0;0
Gearchaeales_MAG_1;0;0;8711.854;0;0;0;0;0;0;0;0;0;0;0;0;0;0;0;0;0;0;0;0;0;0;0;0
Gearchaeales_MAG_2;0;0;6128.082;0;0;0;0;0;0;0;0;0;0;0;0;0;0;0;0;0;0;0;0;0;0;0;0
Gemmatales_MAG_1;0;0;0;0;1446.5199;51.3821;0;0;0;0;0;0;0;0;0;5902.7095;288.84866;2329.514;1667.7063;0;0;0;0;0;0;0;0
Gemmatimonadales_MAG_1;0;0;0;0;4224.68;4356.906;0;0;0;0;0;0;0;0;0;1379.2682;688.74615;762.42706;1544.4458;0;0;0;0;0;0;0;0
HIMB59_MAG_1;0;0;0;0;124.307045;178.05891;584.19745;878.0538;0;0;516.4323;0;0;0;0;0;0;0;0;1093.3998;2083.5657;1423.5729;3066.4775;0;763.9577;0;738.9767
HIMB59_MAG_2;0;0;0;0;628.6698;448.45786;24062.15;34984.492;20872.559;14048.813;23815.785;0;0;0;0;0;0;0;0;11659.706;16047.775;12281.572;19966.23;8533.992;23877.268;10730.07;23894.795
IMCC26256_MAG_1;0;0;0;0;215.25104;0;0;0;0;0;0;0;0;0;0;10994.934;0;3741.412;1536.4847;0;0;0;0;0;0;0;0
Kapabacteriales_MAG_1;0;0;0;0;0;0;5380.281;1712.9451;5291.193;697.7364;615.6383;0;0;0;0;0;0;0;0;1874.9471;137.04532;1352.2109;117.14442;343.22128;0;368.80853;85.24616
Kapabacteriales_MAG_2;0;0;0;0;19034.887;2072.8364;0;0;0;0;0;0;0;0;0;254.08116;0;2186.0146;0;0;0;0;0;0;0;0;0
Lentisphaerales_MAG_1;0;0;0;0;0;0;0;0;0;0;0;0;0;0;0;0;0;0;0;142.52295;0;0;0;3576.448;2120.0193;2648.742;1207.525
Limnocylindrales_MAG_1;0;0;0;0;168.2946;0;0;0;0;0;0;0;0;0;0;19522.568;450.36832;6792.4775;2586.6448;0;0;0;0;0;0;0;0
Limnocylindrales_MAG_2;0;0;0;0;886.6575;1093.8969;0;0;0;0;0;0;0;0;0;9064.003;12804.016;6807.4644;16278.075;0;0;0;0;0;0;0;0
Marinisomatales_MAG_1;0;0;0;0;0;0;0;0;562.926;1054.4125;2113.7185;0;0;0;0;0;0;0;0;486.53464;197.26248;410.7819;248.02689;802.3926;1248.8911;1301.4402;1103.6183
Marinisomatales_MAG_2;0;0;0;0;0;0;6842.0083;5799.811;3239.8066;953.0811;1401.6641;0;0;0;0;0;0;0;0;0;0;0;0;0;0;0;107.14384
Marsarchaeales_MAG_1;0;0;27125.463;0;0;0;0;0;0;0;0;0;0;0;0;0;0;0;0;0;0;0;0;0;0;0;0
Marsarchaeales_MAG_2;0;0;17380.56;0;0;0;0;0;0;0;0;0;0;0;0;0;0;0;0;0;0;0;0;0;0;0;0
Miltoncostaeales_MAG_1;0;0;0;0;527.8972;128.38588;0;0;0;0;0;0;0;0;0;14676.663;407.2048;1811.1571;1805.671;0;0;0;0;0;0;0;0
Mycobacteriales_MAG_1;0;0;0;0;0;0;0;0;0;0;0;0;0;0;0;7917.337;513.90796;4491.8403;5024.9834;0;0;0;0;0;0;0;0
Nanopelagicales_MAG_1;0;0;0;0;679.2131;869.75964;2047.9918;3864.7156;1256.7499;1087.5258;1603.6355;0;0;0;0;0;0;0;0;2449.2268;7853.5815;2949.9873;8510.747;727.6105;1287.5334;805.3076;1578.9872
Nanopelagicales_MAG_10;0;0;0;0;91470.36;139710.45;0;0;0;0;0;0;0;0;0;147743.4;247415.95;140596.28;220513.23;0;0;0;0;0;0;0;0
Nanopelagicales_MAG_11;1773.1593;3019.4402;0;0;4410.135;7205.292;10319.328;10302.733;1436.6268;0;0;0;0;0;0;1635.9819;2844.787;2900.7476;2446.7312;0;0;0;0;0;0;0;0
Nanopelagicales_MAG_12;0;0;0;0;5920.245;6944.037;0;0;0;0;0;0;0;0;0;8805.498;13439.316;14345.411;12562.143;0;0;0;0;0;0;0;0
Nanopelagicales_MAG_13;0;0;0;0;58168.12;85461.516;0;0;0;0;0;0;0;0;0;11031.011;18758.479;11022.104;16102.43;0;0;0;0;0;0;0;0
Nanopelagicales_MAG_14;0;0;0;0;7935.419;13022.516;0;0;0;0;0;0;0;0;0;2706.7996;5102.152;2896.032;4230.88;0;0;0;0;0;0;0;0
Nanopelagicales_MAG_15;0;0;0;0;1080.6196;1440.3947;0;0;0;0;0;0;0;0;0;4454.934;8191.569;4386.394;7080.6616;0;0;0;0;0;0;0;0
Nanopelagicales_MAG_16;0;0;0;0;46250.58;61738.87;0;0;0;0;0;0;0;0;0;8015.3794;17646.621;16506.799;11827.371;0;0;0;0;0;0;0;0
Nanopelagicales_MAG_17;0;0;0;0;41647.16;57059.33;0;0;0;0;0;0;0;0;0;7931.1675;18045.428;17736.895;12046.748;0;0;0;0;0;0;0;0
Nanopelagicales_MAG_18;4988.1904;3961.9263;0;0;2897.7668;2469.9526;0;0;0;0;0;0;0;0;0;11255.683;16117.871;26535.85;12035.402;0;0;0;0;0;0;0;0
Nanopelagicales_MAG_19;3207.2036;4583.3135;0;136.57458;1402.5533;1639.7087;0;118.502335;0;0;0;0;0;0;0;3335.5242;5501.5654;7217.4854;4263.339;0;0;0;0;0;0;0;0
Nanopelagicales_MAG_2;20605.316;18461.545;679.9662;900.65674;1645.3354;1726.1451;362.18097;397.75333;0;0;0;156.21095;436.1019;0;0;2508.1216;4143.833;4871.631;3167.885;0;0;0;0;0;0;0;0
Nanopelagicales_MAG_20;0;0;0;0;2504.5552;3363.7102;0;0;0;0;0;0;0;0;0;0;0;0;0;0;0;0;0;0;0;0;0
Nanopelagicales_MAG_21;0;0;0;0;8738.061;8260.647;0;0;0;0;0;0;0;0;0;3243.2566;4033.1487;3041.6943;3539.8699;0;0;0;0;0;0;0;0
Nanopelagicales_MAG_22;0;0;0;0;1827.5674;2602.7712;0;0;0;0;0;0;0;0;0;23283.773;38519.164;28225.797;31859.748;0;0;0;0;0;0;0;0
Nanopelagicales_MAG_23;0;0;0;0;626.4814;662.913;0;0;0;0;0;0;0;0;0;34036.105;64366.98;32639.496;44877.258;0;0;0;0;0;0;0;0
Nanopelagicales_MAG_24;0;0;0;0;1812.186;1617.4265;0;0;0;0;0;0;0;0;0;43008.992;79071.13;57599.53;57010.184;0;0;0;0;0;0;0;0
Nanopelagicales_MAG_25;0;0;0;0;0;0;1569.5431;1618.4773;717.66504;749.1875;516.8659;0;0;0;0;0;0;0;0;608.20135;1333.1044;959.12915;1226.0875;1619.0732;2813.306;1574.0529;2440.5183
Nanopelagicales_MAG_26;2522.7478;1582.2855;1905.0854;1058.2769;0;0;0;0;0;0;0;0;0;0;0;0;0;0;0;0;0;0;0;0;0;0;0
Nanopelagicales_MAG_27;0;0;0;0;5594.0254;3124.255;4918.329;4969.8784;697.2156;0;0;0;0;0;0;854.2362;389.9232;427.38315;574.41455;0;222.43698;0;229.0822;0;0;0;0
Nanopelagicales_MAG_28;0;0;0;0;6485.27;2778.966;0;222.23534;0;0;0;0;0;0;0;4910.069;2655.1694;1535.3143;2287.326;0;0;0;0;0;0;0;0
Nanopelagicales_MAG_29;0;0;0;0;572.7183;297.47195;0;0;0;0;0;0;0;0;0;578.75336;0;496.62723;0;187.2441;732.5986;343.10233;734.60376;0;384.9353;0;322.3449
Nanopelagicales_MAG_3;0;0;0;0;1348.7908;2561.5542;0;0;0;0;0;0;0;0;0;1697.1439;2509.2305;1518.8883;2211.7847;0;0;0;0;0;0;0;0
Nanopelagicales_MAG_30;0;0;0;0;335.37817;150.99202;8335.7295;6593.781;5526.8105;6863.6465;3919.9548;0;0;0;0;0;0;0;349.68896;5365.309;8477.894;7835.9863;6990.8184;11209.405;10053.697;9994.96;7850.115
Nanopelagicales_MAG_31;0;0;0;0;0;0;1707.8232;1049.5787;3263.3723;11747.529;6178.749;0;0;0;0;0;0;0;288.71317;4693.6196;4771.361;6484.055;3743.8215;17435.436;13327.078;16075.019;10900.38
Nanopelagicales_MAG_32;0;0;0;0;2936.8418;2823.0945;0;0;0;0;0;0;0;0;0;1546.6559;577.8436;622.84064;1145.824;0;0;0;0;0;0;0;0
Nanopelagicales_MAG_33;0;0;30277.29;10149.72;0;0;0;0;0;0;0;190.98997;0;2711.9585;879.9538;0;0;0;0;0;0;0;0;0;0;0;0
Nanopelagicales_MAG_34;28197.002;20868.371;8474.66;9132.697;0;0;0;0;0;0;0;348.729;274.98306;0;0;0;0;0;0;0;0;0;0;0;0;0;0
Nanopelagicales_MAG_35;9716.038;4149.684;3019.3567;1933.627;0;0;0;0;0;0;0;16457.42;10937.904;2387.2622;1239.8815;0;0;0;0;0;0;0;0;0;0;0;0
Nanopelagicales_MAG_36;5693.1216;3280.517;715.88873;642.4622;0;0;0;0;0;0;0;467.59583;0;0;0;0;0;0;0;0;0;0;0;0;0;0;0
Nanopelagicales_MAG_37;17886.77;11204.991;12207.369;8577.763;0;0;0;0;0;0;0;1029.7036;1048.5222;0;0;0;0;0;0;0;0;0;0;0;0;0;0
Nanopelagicales_MAG_38;0;0;0;0;0;0;0;0;0;0;0;0;0;0;0;5498.964;2282.8499;2764.462;2516.3994;0;0;0;0;0;0;0;0
Nanopelagicales_MAG_4;0;0;0;0;5347.3003;10836.733;0;0;0;0;0;0;0;0;0;11819.952;14574.452;13223.517;15136.616;0;0;0;0;0;0;0;0
Nanopelagicales_MAG_5;0;0;0;0;12879.694;9683.572;0;0;0;0;0;0;0;0;0;1509.0277;2603.0852;1800.4093;2058.714;0;0;0;0;0;0;0;0
Nanopelagicales_MAG_6;1283.6628;785.09424;0;0;5911.794;9483.74;11958.9795;15105.937;1572.4939;0;143.01091;0;0;0;0;1942.3458;3352.394;3612.0083;3006.4668;0;0;0;0;0;0;0;0
Nanopelagicales_MAG_7;0;0;0;0;24302.787;44550.35;4706.912;9458.568;437.77515;0;0;0;0;0;0;5519.3125;10140.813;12209.983;11047.097;249.82993;1024.8728;688.8519;2271.1846;0;0;0;0
Nanopelagicales_MAG_8;0;46.516644;0;0;30565.34;55230.55;667.8441;794.3638;0;0;0;0;0;0;0;5786.027;11642.034;23179.277;12137.885;0;150.00441;0;369.16605;0;0;0;0
Nanopelagicales_MAG_9;0;0;0;0;3411.953;4906.8037;0;0;0;0;0;0;0;0;0;18528.719;33106.867;19210.525;30155.102;0;0;0;0;0;0;0;0
Nitriliruptorales_MAG_1;0;0;0;0;0;0;3343.4717;3695.4263;2306.0417;2939.508;1609.4192;0;0;0;0;0;0;0;0;1339.2041;7829.248;1700.4691;4947.631;1429.833;3024.0278;1564.9889;3484.298
Nitrososphaerales_MAG_1;0;0;0;0;0;0;7214.313;8729.161;3383.9111;0;0;0;0;0;0;0;0;0;0;0;0;0;153.07712;0;0;0;0
Nitrososphaerales_MAG_2;0;0;0;0;269.50244;214.7571;1869.0817;2670.5896;685.1966;0;231.5488;0;0;0;0;0;0;335.6047;0;2447.4185;2606.5134;3773.3862;5143.672;0;0;0;151.80403
NS11-12g_MAG_1;44633.87;5520.65;599.2874;359.39005;0;0;0;0;0;0;0;2688.816;3801.5889;1472.6084;1157.6155;0;0;0;0;0;0;0;0;0;0;0;0
NS11-12g_MAG_2;26212.9;3923.2969;429.06915;299.7856;0;0;0;0;0;0;0;3583.3562;4296.777;1592.0728;1311.7657;0;0;0;0;0;0;0;0;0;0;0;0
NS11-12g_MAG_3;0;0;0;0;1830.1661;518.1466;0;0;0;0;0;0;0;0;0;9469.547;4918.944;9681.006;5069.1694;0;0;0;0;0;0;0;0
Opitutales_MAG_1;0;0;0;0;0;0;0;0;0;0;0;0;0;0;0;0;0;0;0;2625.843;161.24588;2859.6375;105.97235;8262.614;299.27487;5933.203;281.6217
Opitutales_MAG_2;0;0;822.54376;0;0;0;0;0;0;0;0;21053.998;1465.4711;27842.596;1373.1647;0;0;0;0;0;0;0;0;0;0;0;0
Opitutales_MAG_3;0;0;35417.24;4013.4653;0;0;0;0;0;0;0;0;0;0;0;0;0;0;0;0;0;0;0;0;0;0;0
Opitutales_MAG_4;1342.2197;55.60744;448.89902;0;0;0;7784.7847;532.15076;9178.572;1334.5271;0;0;0;0;0;0;0;0;0;0;0;0;0;0;0;0;0
Opitutales_MAG_5;0;0;0;0;0;0;1147.0621;294.99997;1357.0155;3811.025;768.5974;0;0;0;0;0;0;0;0;5011.0674;1258.8243;6412.667;1375.9968;8594.541;2178.996;8496.891;1334.634
Opitutales_MAG_6;0;0;6791.5317;2822.6985;0;0;0;0;0;0;0;288.5758;0;3984.2053;2716.4236;0;0;0;0;0;0;0;0;703.3278;0;681.21985;151.98584
Opitutales_MAG_7;0;0;0;0;16323.499;3064.918;0;0;0;0;0;0;0;0;0;4504.3877;1247.9839;1760.2079;3273.6697;0;0;0;0;0;0;0;0
PCC-6307_MAG_1;0;0;0;0;0;0;0;0;1472.1549;84121.414;221.96188;0;0;0;0;0;0;0;0;4062.5837;0;4566.031;0;19523.67;0;17241.555;72.50904
PCC-6307_MAG_2;0;0;0;0;643.8822;0;11109.807;2413.124;9527.331;34584.527;2044.804;0;0;0;0;0;0;0;0;480.28384;0;651.1447;0;2807.668;0;2865.2773;0
PCC-6307_MAG_3;0;0;0;0;25201.46;11642.595;6687.9893;1236.2567;4998.638;10146.967;554.85895;0;0;0;0;6439.605;256.12012;3338.3135;4900.76;443.36972;0;623.7037;0;2121.2134;0;2430.0068;0
PCC-6307_MAG_4;0;0;0;0;14262.011;5620.1953;3540.0588;911.15436;2696.8604;5774.043;0;0;0;0;0;2005.4115;0;1033.2769;1442.0317;300.71478;0;418.81595;0;1264.9769;0;1411.3715;0
PCC-6307_MAG_5;0;0;0;0;3596.424;475.0167;3564.6338;653.9021;4593.395;12173.87;0;0;0;0;0;1577.328;0;867.92017;1252.1338;3030.729;0;4757.1465;0;7331.501;0;8556.496;0
PCC-6307_MAG_6;0;0;0;0;3986.239;769.15027;49667.016;38330.6;36759.906;99514;13752.334;0;0;0;0;1622.3939;0;936.025;1347.4133;13537.536;2423.358;17563.84;2402.2026;31819.734;6771.3696;38751.203;7505.8706
PCC-9006_MAG_1;0;0;0;0;6248.364;79.68111;0;0;0;0;0;0;0;0;0;0;0;0;0;0;0;0;0;0;0;0;0
Pedosphaerales_MAG_1;0;0;0;0;178.84142;0;0;0;0;0;0;0;0;0;0;10161.837;0;4692.386;7191.6685;0;0;0;0;0;0;0;0
Pedosphaerales_MAG_2;0;0;0;0;254.63034;0;0;0;0;0;0;0;0;0;0;6981.118;0;2931.3938;5232.1675;0;0;0;0;0;0;0;0
Pedosphaerales_MAG_3;0;0;0;0;2027.9586;253.98378;0;0;0;0;0;0;0;0;0;5178.987;491.49786;1831.3359;1827.2676;0;0;0;0;0;0;0;0
Pelagibacterales_MAG_1;0;0;0;0;37830.727;30388.285;0;0;0;0;0;0;0;0;0;17945.057;11715.516;55796.797;9426.023;0;0;0;184.78577;0;0;0;0
Pelagibacterales_MAG_10;1867.7959;4196.1255;2161.5413;7871.42;0;0;0;0;0;0;526.8209;773.4386;10493.2;1589.0958;5879.1563;0;0;0;0;0;260.42844;0;248.79875;0;683.6226;0;933.35
Pelagibacterales_MAG_11;3076.1433;4736.4175;0;327.0797;1486.7302;1735.991;491.2523;624.2762;0;0;0;0;0;0;0;0;0;0;0;0;0;0;0;0;0;0;0
Pelagibacterales_MAG_12;4242.6494;17791.938;2002.9498;5457.823;655.765;851.6044;96106.414;118625.68;99838.86;19616.12;72884.48;636.622;5354.273;1689.686;2726.69;0;0;0;255.52919;35376.98;28795.066;27016.844;31622.98;17920.49;43473.48;19292.7;41300.836
Pelagibacterales_MAG_13;4031.4546;12798.015;3029.6887;5455.791;0;0;30270.822;36422.95;55196.992;23052.57;81629.3;269.12592;1785.0208;1191.2162;1877.1289;0;0;0;484.78345;75975.78;49482.574;55051.715;49335.746;30752.959;53927.05;32956.277;57921.43
Pelagibacterales_MAG_14;3929.7078;11806.388;3001.4077;5438.388;0;0;27791.396;32928.773;50782.566;26973.607;75242.95;292.95364;2188.453;1257.8553;2061.3516;0;0;0;446.3488;71645.5;46664.99;51626.16;46125.168;28858.957;50484.223;30909.662;54824.027
Pelagibacterales_MAG_15;0;1635.5981;15684.897;51266.26;0;0;1846.142;2122.72;2605.5603;2429.0383;7548.669;884.90375;7848.2583;12408.521;24255.58;0;0;0;0;1905.8323;1817.1831;1484.1405;1908.9574;2541.9412;5714.589;3130.572;6044.247
Pelagibacterales_MAG_16;0;2019.3762;4142.399;12113.353;0;0;2876.2297;3411.4258;7292.778;10214.352;40162.508;553.8627;4338.223;5969.5444;10978.457;0;0;0;0;15410.736;17200.176;12710.84;18419.951;23338.713;54422.32;27583.19;57108.75
Pelagibacterales_MAG_17;0;1139.4015;3343.3506;10250.957;0;0;1977.1987;2434.66;6437.858;10266.747;41088.027;430.88614;3209.4297;5202.173;9506.252;0;0;0;0;16751.127;17614.38;12943.442;18857.81;24162.424;56965.418;24278.19;59472.992
Pelagibacterales_MAG_18;75699.77;273396.06;119773.7;275266.4;0;125.72064;0;1843.481;2288.6514;2141.892;6003.1563;34655.883;320990.88;123937.914;226841.88;0;0;0;0;11869.201;6969.397;8075.8994;6470.8286;6446.189;12993.742;7311.594;12778.843
Pelagibacterales_MAG_19;60992.684;215193.47;89511.34;203915.8;0;90.47921;0;1196.3177;1449.5413;1480.8513;4039.8044;26135.377;238040.6;87439.336;163949.95;0;0;0;0;9329.384;5330.419;6531.8755;5188.3027;5225.799;9998.097;6006.4717;9715.348
Pelagibacterales_MAG_2;0;0;0;0;69729.56;49310.992;0;0;0;0;0;0;0;0;0;45029.867;24655.418;102227.89;20026.127;0;0;0;0;0;0;0;0
Pelagibacterales_MAG_20;12391.895;17964.492;3496.3677;3679.1328;4707.911;2144.0051;68700.63;38491.586;73882.1;38956.082;48819.293;816.9627;7778.2393;1032.9375;5870.1333;0;0;628.14124;295.98572;47576.613;14760.293;36724.88;15441.107;15009.994;13630.2705;19361.396;13144.833
Pelagibacterales_MAG_21;13289.003;15596.84;2420.5527;2389.4192;4537.957;1956.9155;58374.027;32426.752;64185.715;33430;40734.89;327.89044;2090.9587;531.90796;829.51465;0;0;539.91266;276.53494;41195.633;13765.561;31300.697;13286.646;9942.203;9502.422;11679.722;10602.149
Pelagibacterales_MAG_22;9321.384;14697.722;2329.845;2693.199;4238.4478;1904.1064;55644.316;30453.06;61450.95;30444.922;38459.074;307.00635;1784.5713;487.84;685.6264;0;0;512.7444;247.9841;38569.19;11760.196;29257.27;11593.538;9195.684;8139.946;10703.855;8827.263
Pelagibacterales_MAG_3;0;502.24707;0;0;0;0;4807.1987;5579.0386;20179.047;16340.157;35932.82;0;0;0;0;0;0;0;0;4002.396;2840.7139;2907.985;2285.963;1301.6766;2063.0005;1577.7072;2550.0642
Pelagibacterales_MAG_4;0;341.7311;0;0;1813.2621;2562.469;615.1844;902.53894;551.0469;0;564.5726;0;0;0;0;0;0;3376.0059;245.73158;1023.621;1436.9777;1108.704;1688.936;0;0;0;212.93044
Pelagibacterales_MAG_5;61865.016;125090.9;5391.625;12046.293;1276.2614;1923.647;51668.508;56385.05;55595.57;16056.923;37450.7;488.2759;5663.616;392.64276;1010.3437;0;0;660.40924;0;14528.886;22858.166;11928.947;18933.586;2188.1558;6551.3306;2718.042;8893.009
Pelagibacterales_MAG_6;1750.0787;3873.7598;0;395.90857;1520.2781;2830.4622;4841.6177;7562.677;2780.6863;622.62476;1782.5795;0;781.55475;0;0;0;0;680.972;0;1333.4502;2711.7515;1420.0353;2961.4922;0;435.68433;0;486.6358
Pelagibacterales_MAG_7;11934.398;17866.088;2988.6758;8271.535;0;0;0;0;0;0;602.0577;333.98816;3252.7815;1068.7335;3120.8765;0;0;0;0;315.24948;513.35205;254.23581;451.59;0;709.47986;0;862.018
Pelagibacterales_MAG_8;3424.1213;5759.178;2825.8796;6263.419;0;0;0;0;0;0;384.9988;256.32758;2802.7603;769.79675;2650.7964;0;0;0;0;137.73242;299.29825;0;259.24963;0;582.09973;0;749.4008
Pelagibacterales_MAG_9;3287.9387;5724.95;2261.7075;8221.344;0;0;0;0;0;0;501.88507;310.0789;3386.954;920.0815;3382.9624;0;0;0;0;178.40837;373.40976;0;335.03738;0;757.4681;0;983.2161
Phycisphaerales_MAG_1;0;0;0;0;1102.8439;67.122795;0;0;0;0;0;0;0;0;0;15877.582;456.45197;5057.4067;10359.44;0;0;0;0;0;0;0;0
Phycisphaerales_MAG_2;0;0;0;0;1868.988;191.0674;0;0;0;0;0;0;0;0;0;10731.596;1013.83136;2995.88;5867.6875;0;0;0;0;0;0;0;0
Phycisphaerales_MAG_3;0;0;0;0;295.98038;0;4942.606;377.96582;4160.5293;6885.6694;316.53616;0;0;0;0;0;0;0;696.3593;6643.285;497.17487;9284.765;214.60579;16451.738;1031.9628;12726.547;602.153
Pirellulales_MAG_1;0;0;0;0;0;0;0;0;0;0;0;0;0;0;0;3440.6355;0;1823.4744;1820.8087;0;0;0;0;0;0;0;0
Pirellulales_MAG_2;0;0;0;0;350.2752;0;5628.324;314.02075;5169.3296;20625.344;680.56494;0;0;0;0;0;0;0;0;5646.8755;171.50528;7744.4277;0;12601.378;352.49918;9907.91;136.43216
Pirellulales_MAG_3;0;0;0;0;2041.2267;95.19552;0;0;0;0;0;0;0;0;0;21183.535;443.81097;8285.532;7484.0127;0;0;0;0;0;0;0;0
Pirellulales_MAG_4;0;0;0;0;0;0;1704.3584;331.87073;1212.5448;3001.9944;422.31216;230.71384;0;0;0;0;0;0;0;11124.093;1559.8907;14555.5205;1302.5962;20372.38;3278.259;15933.555;1601.4775
Planctomycetales_MAG_1;0;0;0;0;0;0;1140.5822;0;3662.4849;5874.8013;0;0;0;0;0;0;0;0;0;914.3429;0;1568.495;0;9509.72;0;6604.2563;0
Poseidoniales_MAG_1;0;0;0;0;0;0;0;0;594.2955;1184.5161;219.10664;0;0;0;0;0;0;0;0;6820.438;1956.3846;9239.619;2287.2212;15510.94;6072.5005;18301.191;4106.6104
Poseidoniales_MAG_2;0;0;0;0;0;0;0;0;0;3486.4985;823.0832;0;0;0;0;0;0;0;0;0;0;0;0;12922.653;4433.6553;17136.094;3936.3428
Poseidoniales_MAG_3;0;0;0;0;0;0;0;0;0;0;0;0;0;0;0;0;0;0;0;3835.154;4127.4297;4066.1516;1036.0057;4081.1804;1904.7839;4608.1533;1194.2482
Poseidoniales_MAG_4;0;0;0;0;0;0;0;0;0;0;0;0;0;0;0;0;0;0;0;4715.993;1384.656;4069.9263;1027.0022;4035.1934;1905.3352;4553.9673;1161.7334
Poseidoniales_MAG_5;0;0;0;0;0;0;0;0;0;0;0;0;0;0;0;0;0;0;0;3725.1914;1322.5503;5124.8403;1006.59045;3863.542;1824.0414;4357.843;1116.3484
Poseidoniales_MAG_6;0;0;0;0;0;0;0;0;0;0;0;0;0;0;0;0;0;0;0;3662.249;1301.7686;3833.5486;975.84283;3938.8323;1796.2092;4340.4077;1541.0015
Poseidoniales_MAG_7;0;0;0;0;0;0;0;0;637.40326;4621.0234;1846.4176;0;0;0;0;0;0;0;0;606.84564;245.0943;678.12634;311.69382;6317.762;4315.3774;5511.759;3077.3406
Poseidoniales_MAG_8;0;0;0;0;0;0;0;0;823.4141;6863.5425;2738.4585;0;0;0;0;0;0;0;0;1304.9941;508.30243;1488.3857;671.9123;13357.616;8768.618;12084.881;6348.0205
PS1_MAG_1;0;0;0;0;0;0;0;0;0;0;418.73926;0;0;0;799.4016;0;0;0;0;564.3621;1583.2576;718.8185;1910.6503;1545.1035;5542.521;1765.5382;6532.8223
PS1_MAG_2;0;0;0;0;0;0;1921.2975;3195.753;3742.1008;631.8232;1029.4193;0;0;0;0;0;0;0;0;223.49783;447.2291;253.06863;600.14386;1254.2283;4554.7075;2159.3787;7833.6924
Pseudomonadales_MAG_1;37078.5;6225.0337;3543.4602;1016.2001;0;0;428.89304;135.576;0;0;0;0;0;0;0;0;0;0;0;191.47618;0;261.25607;0;0;0;0;0
Pseudomonadales_MAG_10;2583.4832;371.39093;16377.874;5871.984;0;0;0;0;0;0;0;1324.6368;1071.2091;18631.98;12266.601;0;0;0;0;367.52542;127.1963;527.1079;132.56793;1459.3923;635.8957;1260.4203;400.38962
Pseudomonadales_MAG_11;0;0;0;0;0;0;1176.0426;451.8459;1951.5042;4359.7773;1108.2537;0;0;0;0;0;0;0;0;3746.811;908.39703;4645.086;871.63086;11152.662;3939.174;9589.961;2328.6956
Pseudomonadales_MAG_12;0;0;0;0;0;0;4098.0957;2642.2112;5125.063;7313.8433;2684.0608;0;0;0;0;0;0;0;283.32236;7484.0273;2679.8916;9436.799;3444.4897;10494.081;4492.5044;9580.437;3622.3057
Pseudomonadales_MAG_13;1607.7355;182.47154;4616.755;1077.7594;0;0;0;0;0;0;0;26538.988;14174.611;11070.384;4451.8677;0;0;0;0;0;0;0;0;0;0;0;0
Pseudomonadales_MAG_14;2521.5076;831.22595;4568.9424;1396.0292;0;0;0;0;0;0;0;3256.6895;1980.2539;11835.157;6400.732;0;0;0;0;0;0;0;0;0;0;0;0
Pseudomonadales_MAG_15;6379.862;2150.0415;382.04715;218.03088;0;0;0;0;0;0;0;3469.7146;4891.9385;776.91943;671.3195;0;0;0;0;0;0;0;0;0;0;0;0
Pseudomonadales_MAG_16;787.958;240.32532;24251.441;20755.428;0;0;0;0;0;0;0;3038.4155;5450.2734;21658.982;16641.531;0;0;0;0;0;0;0;0;0;0;0;0
Pseudomonadales_MAG_17;15762.093;5294.0063;5418.0313;3381.4207;0;0;0;0;0;0;0;8615.353;10756.555;13405.549;10931.856;0;0;0;0;0;0;0;0;0;0;0;0
Pseudomonadales_MAG_18;9046.786;3432.334;16392.102;11179.428;0;0;0;0;0;0;0;15177.474;19565.977;29719.904;25907.764;0;0;0;0;0;0;0;0;0;0;0;0
Pseudomonadales_MAG_19;10405.74;2970.8186;11138.153;7937.826;0;0;0;0;0;0;0;11255.172;14392.612;22342.104;19251.7;0;0;0;0;0;0;0;0;0;0;0;0
Pseudomonadales_MAG_2;0;0;0;0;0;0;2217.5022;1288.1653;1958.8722;2627.3723;943.02;0;0;0;0;0;0;0;0;2855.9636;2347.2942;3946.1624;2015.9089;4208.784;2225.519;3859.6199;1865.2185
Pseudomonadales_MAG_20;0;0;3684.756;4790.851;0;0;0;0;0;0;231.75293;1021.4269;1722.8978;1838.9568;2590.3452;0;0;0;0;0;0;0;0;0;0;0;0
Pseudomonadales_MAG_21;3039.86;2128.452;590.30444;275.31314;0;0;0;0;0;0;0;3316.442;1914.2899;3651.0115;2589.1375;0;0;0;0;0;0;0;0;0;0;0;0
Pseudomonadales_MAG_22;6796.822;1118.6381;7380.8965;1890.7828;0;0;0;0;0;0;0;4254.182;2204.3936;10892.732;3975.5176;0;0;0;0;0;0;0;0;0;0;0;0
Pseudomonadales_MAG_23;4392.583;670.3928;9380.384;1851.5895;0;0;0;0;0;0;0;2379.9856;1167.2195;6650.4736;2328.5632;0;0;0;0;0;0;0;0;0;0;0;0
Pseudomonadales_MAG_24;4686.378;785.1286;6891.802;2149.4111;0;0;0;0;0;0;0;2700.171;1361.3564;6545.6724;2538.5386;0;0;0;0;0;0;0;0;0;0;0;0
Pseudomonadales_MAG_25;9314.235;1507.9293;1164.8975;383.09116;0;0;3854.7495;759.2113;1689.0544;2341.7268;412.9178;670.427;460.37692;456.01425;0;0;0;0;0;12484.333;1818.688;13289.289;1351.739;11078.168;2441.9255;8775.922;1572.5898
Pseudomonadales_MAG_26;452.60385;0;15079.51;1412.3329;0;0;0;0;0;0;0;7171.823;663.07556;17365.648;1009.0447;0;0;0;0;0;0;0;0;0;0;0;0
Pseudomonadales_MAG_3;0;0;0;0;0;0;0;0;445.2133;3393.553;1252.7489;0;0;0;0;0;0;0;0;2251.2888;1784.1791;2740.593;1620.8243;8746.36;6301.8945;8847.03;4806.03
Pseudomonadales_MAG_4;0;0;0;0;0;0;0;0;384.2054;3418.4587;1259.6027;0;0;0;0;0;0;0;0;2585.7495;1994.6063;3134.3179;1864.7782;10150.291;5581.9766;10396.51;5917.1294
Pseudomonadales_MAG_5;0;0;0;0;0;0;1769.713;979.09247;2093.0325;3874.5227;2272.4194;0;0;0;0;0;0;0;0;2575.6882;1403.1187;3344.0076;1195.7126;5234.7827;3135.2957;5002.3535;2699.3625
Pseudomonadales_MAG_6;0;0;0;0;0;0;1352.0762;760.8349;1636.3961;3196.3945;1851.1992;0;0;0;0;0;0;0;0;2575.4797;1440.7086;3394.7231;1228.8209;4498.9697;2699.8982;4324.592;2044.1586
Pseudomonadales_MAG_7;0;0;24685.67;11425.538;0;0;0;0;0;0;0;1309.5833;1454.2761;10480.205;9272.368;0;0;0;0;0;0;0;0;0;0;0;0
Pseudomonadales_MAG_8;14309.912;1417.9445;3449.3713;971.06415;0;0;0;0;0;0;0;14742.111;8548.568;13952.759;7088.8843;0;0;0;0;0;0;0;0;0;0;0;0
Pseudomonadales_MAG_9;0;0;0;0;0;0;0;0;0;0;0;16597.066;6286.899;1073.8859;434.9101;0;0;0;0;0;0;0;0;0;0;0;0
Puniceispirillales_MAG_1;0;0;0;0;0;0;10402.589;7585.871;9583.625;4053.2568;5586.0264;0;0;0;0;0;0;0;0;2102.0151;1124.0283;1763.8241;957.0089;1159.1134;1197.2587;1374.7783;1421.9337
Puniceispirillales_MAG_2;0;0;736.8019;368.23444;0;0;5234.972;4400.296;4294.4644;4525.2188;2542.7883;0;0;0;0;0;0;0;0;3139.6191;2419.1646;3524.642;2163.324;2638.5386;1677.3228;2386.073;1372.9663
Puniceispirillales_MAG_3;0;89.53296;11932.498;5975.351;0;0;1184.5974;619.7306;1233.3933;1886.4529;723.2564;137.02493;0;1051.0747;890.85895;0;0;0;0;7355.831;3909.5146;8524.926;3682.847;16072.834;9205.071;13127.563;5889.4365
Puniceispirillales_MAG_4;0;94.879654;13839.366;6888.076;0;0;1160.222;568.25653;1181.7358;1950.5265;736.6554;145.15152;0;1212.3707;1031.1571;0;0;0;0;7899.8965;4492.1914;9235.016;4123.8906;17533.89;8765.061;14567.484;7083.525
Puniceispirillales_MAG_5;0;0;15183.344;7808.6265;0;0;0;0;0;0;0;871.16547;770.0611;5739.9487;3594.708;0;0;0;0;0;0;0;0;0;0;0;164.31706
Puniceispirillales_MAG_6;0;0;0;0;0;0;2193.4436;1465.52;1637.3398;1849.8518;751.7952;0;0;0;0;0;0;0;0;2593.4524;1444.596;2945.0989;1505.6633;5127.013;2750.5376;4798.1616;2131.5251
Rhizobiales_MAG_1;0;0;0;0;320.8394;0;0;0;0;0;0;0;0;0;0;19433.988;780.81836;9327.689;5857.7017;0;0;0;0;0;0;0;0
Rhizobiales_MAG_2;0;0;0;0;2802.3005;1101.9071;0;0;0;0;0;0;0;0;0;5126.3145;879.52124;1790.1265;1706.7633;0;0;0;0;0;0;0;0
Rhizobiales_MAG_3;0;0;0;0;3442.0005;969.8614;0;0;0;0;0;0;0;0;0;2434.1284;1904.753;2549.201;2085.2454;0;0;0;0;0;0;0;0
Rhizobiales_MAG_4;0;0;149.72629;0;0;0;0;0;0;0;0;12749.044;415.5044;990.62805;0;0;0;0;0;0;0;0;0;0;0;0;0
Rhodobacterales_MAG_1;0;0;2892.5596;4639.572;0;0;0;0;0;0;0;2464.2776;6149.9053;39825.676;78396.51;0;0;0;0;0;0;0;0;0;0;0;0
Rhodobacterales_MAG_10;0;0;0;0;0;0;2808.454;1912.9048;2840.4417;4174.8086;1423.2688;0;0;0;0;0;0;0;0;1637.788;854.0631;1936.0608;902.39136;3648.789;2042.7078;3281.182;1699.1237
Rhodobacterales_MAG_11;0;0;0;0;0;0;0;0;268.52396;3524.3599;1501.1713;0;0;0;0;0;0;0;0;2848.1804;1633.951;3301.8792;1454.6271;9337.484;5037.9346;8045.2085;4198.675
Rhodobacterales_MAG_12;0;0;0;0;0;0;0;0;906.6224;12189.279;7578.9507;0;0;0;0;0;0;0;0;1240.3676;891.9415;1613.3394;1224.2777;10412.49;7428.442;12361.247;7648.256
Rhodobacterales_MAG_13;0;0;0;0;0;0;0;0;1007.3078;15753.375;3727.448;0;0;0;0;0;0;0;0;3850.3901;825.5753;4538.5864;1033.4459;23299.46;7277.3994;20096.877;5355.0957
Rhodobacterales_MAG_14;0;0;11059.963;7731.2856;0;0;0;0;0;0;0;242.81708;0;2111.2185;1680.9915;0;0;0;0;0;0;0;0;0;0;0;0
Rhodobacterales_MAG_15;5068.507;1628.9746;56298.34;28226.807;0;0;340.96384;137.53316;467.31833;0;0;19849.871;18089.225;60867.547;44580.59;0;0;0;337.59268;9095.752;3733.4924;10143.952;3097.9497;10818.446;5128.5146;9420.021;4179.0845
Rhodobacterales_MAG_16;8896.826;0;297.31622;0;0;0;0;0;0;0;0;14178.903;376.99957;2927.3025;0;0;0;0;0;0;0;0;0;0;0;0;0
Rhodobacterales_MAG_17;14554.972;49.681366;359.43512;0;0;0;0;0;0;0;0;53968.438;2056.7026;4114.286;232.51492;0;0;0;0;0;0;0;0;0;0;0;0
Rhodobacterales_MAG_18;0;0;208.1914;0;0;0;0;0;0;0;0;17004.814;592.82935;1474.0536;0;0;0;0;0;0;0;0;0;0;0;0;0
Rhodobacterales_MAG_19;0;37.222717;0;0;0;0;0;0;0;0;0;12075.677;7141.009;4809.861;2560.224;0;0;0;0;0;0;0;0;0;0;0;0
Rhodobacterales_MAG_2;0;0;3958.282;5642.5474;0;0;0;0;0;0;0;1729.0399;5753.974;16106.891;33433.38;0;0;0;0;0;0;0;0;0;0;0;0
Rhodobacterales_MAG_20;2203.4446;0;1226.2753;145.41687;0;0;0;0;0;0;0;46579.605;9378.5;26754.775;4821.542;0;0;0;0;0;0;0;0;0;0;0;0
Rhodobacterales_MAG_21;0;0;0;0;0;0;0;0;0;0;0;55477.14;3599.701;1491.0289;0;0;0;0;0;0;0;0;0;0;0;0;0
Rhodobacterales_MAG_3;0;0;862.5143;0;0;0;0;0;0;0;0;14813.719;358.80667;1524.5154;0;0;0;0;0;0;0;0;0;0;0;0;0
Rhodobacterales_MAG_4;0;0;10423.016;539.1805;0;0;0;0;0;0;0;695.68427;0;10040.139;1142.5096;0;0;0;0;0;0;0;0;0;0;0;0
Rhodobacterales_MAG_5;0;0;0;0;0;0;628.4513;371.71692;3222.9177;11107.223;4572.251;0;0;0;0;0;0;0;603.6554;9436.845;5298.3022;10715.304;4916.3784;15720.224;8922.984;14398.722;7711.1826
Rhodobacterales_MAG_6;0;0;0;0;0;0;646.0559;377.56342;3362.7961;13088.698;4158.7246;0;0;0;0;0;0;0;408.0445;6018.9463;3151.0085;7008.8525;3235.4546;9990.219;5561.532;9153.555;4895.686
Rhodobacterales_MAG_7;0;0;0;0;0;0;682.8801;410.00186;3465.842;10133.442;5317.335;0;0;0;0;0;0;0;413.01505;6100.656;3248.728;7053.2417;3312.7104;10031.917;5720.8433;9152.629;5033.367
Rhodobacterales_MAG_8;0;0;0;0;0;0;0;0;0;0;0;15698.576;863.7091;619.78345;0;0;0;0;0;0;0;0;0;0;0;0;0
Rhodobacterales_MAG_9;0;0;0;0;0;0;5999.8276;4253.9834;5420.8164;6774.567;2583.546;0;0;0;0;0;0;0;0;3579.6128;1913.8636;4230.3633;2011.563;7948.226;4480.4404;7269.405;3987.9521
Rhodospirillales_MAG_1;0;0;10831.961;4927.153;0;0;0;0;0;0;0;169.13771;0;860.824;512.0121;0;0;0;0;0;0;0;0;0;0;0;0
Rhodospirillales_MAG_2;3423.9253;1312.6355;840.2794;203.34752;0;0;0;0;0;0;0;0;0;0;0;0;0;0;0;0;0;0;0;0;0;0;0
Rhodothermales_MAG_1;0;0;0;0;0;0;0;132.43399;375.14948;1054.3209;323.92365;0;0;0;0;0;0;0;0;3528.7168;3161.722;4155.256;2348.181;4597.289;3601.2927;4304.8223;2740.3801
Rickettsiales_MAG_1;3841.9246;639.9367;0;0;0;0;0;0;0;0;0;0;0;783.1477;0;0;0;0;0;0;0;0;0;0;0;0;0
SAR324_MAG_2;0;0;0;0;0;0;3397.1912;0;5293.0674;6103.8735;0;0;0;0;0;0;0;0;0;1482.1434;0;2037.067;0;5521.9814;0;3728.8044;0
SAR324_MAG_5;0;0;0;0;0;0;3202.0405;0;3603.6853;5767.5327;0;0;0;0;0;0;0;0;0;1629.8867;0;3349.3167;0;6103.0415;0;4081.373;0
SAR86_MAG_1;0;0;0;116.62742;0;0;15776.612;10193.021;25370.006;25538.57;17300.701;0;0;0;0;0;0;0;0;39573.176;21344.89;41675.406;24565.076;18833.926;29058.436;26976.809;24968.75
Steroidobacterales_MAG_2;0;0;0;0;3229.9902;1639.6267;0;0;0;0;0;0;0;0;0;8775.821;6676.7573;4346.5967;6879.5615;0;0;0;0;0;0;0;0
Sulfolobales_MAG_2;0;0;15853.237;0;0;0;0;0;0;0;0;0;0;0;0;0;0;0;0;0;0;0;0;0;0;0;0
Sulfolobales_MAG_4;0;0;6689.715;0;0;0;0;0;0;0;0;0;0;0;0;0;0;0;0;0;0;0;0;0;0;0;0
SW-4-49-11_MAG_1;0;0;0;0;0;0;10639.859;5387.942;3004.9463;859.11194;654.9431;0;0;0;0;0;0;0;0;0;0;0;0;0;0;0;0
Thermoplasmatales_MAG_1;0;0;9123.652;0;0;0;0;0;0;0;0;0;0;0;0;0;0;0;0;0;0;0;0;0;0;0;0
UBA1146_MAG_1;0;0;0;0;0;0;999.6375;0;1072.9539;1560.8132;0;0;0;0;0;0;0;0;0;2352.7695;0;3467.505;0;8390.218;188.71538;6671.0674;173.43907
UBA12015_MAG_1;0;0;0;0;158.14247;0;0;0;0;0;0;0;0;0;0;7963.6553;0;2256.411;3229.9067;0;0;0;0;0;0;0;0
UBA12225_MAG_1;0;0;0;0;370.56482;0;0;0;0;0;0;0;0;0;0;14034.237;296.50473;4391.067;4171.4316;0;0;0;0;0;0;0;0
UBA12225_MAG_2;0;0;0;0;182.44876;0;0;0;0;0;0;0;0;0;0;11654.981;189.2817;5491.1377;3596.2595;0;0;0;0;0;0;0;0
UBA2361_MAG_1;0;0;0;0;0;0;0;0;0;0;0;0;0;0;0;2150.3306;1475.0913;863.9834;1584.8376;0;0;0;0;0;0;0;0
UBA2361_MAG_2;0;0;0;0;107.521545;0;0;0;0;0;0;0;0;0;0;2050.377;1116.3531;1054.0123;1336.4216;0;0;0;0;0;0;0;0
UBA2361_MAG_3;0;0;0;0;0;0;3030.9026;1190.0637;370.25626;0;0;0;0;0;0;0;0;0;0;1971.9786;782.52246;2616.2695;1018.6812;5294.766;1571.1965;3583.9355;1177.1215
UBA4575_MAG_1;3340.5745;1291.6061;3431.3374;3112.8552;0;0;0;0;0;0;0;925.0966;1015.2174;7793.3306;12776.57;0;0;0;0;0;0;0;0;0;0;0;0
Verrucomicrobiales_MAG_1;0;0;10579.625;731.38464;0;0;0;0;0;0;0;45621.96;3752.5327;15835.188;905.5729;0;0;0;0;0;0;0;0;0;0;0;0
Verrucomicrobiales_MAG_2;0;0;0;0;0;0;0;0;0;0;0;0;0;0;0;0;0;0;0;0;0;0;0;0;0;0;0
Verrucomicrobiales_MAG_3;0;0;0;0;0;0;0;0;0;0;0;0;0;0;0;7331.074;3230.6816;2685.8992;4588.774;0;0;0;0;0;0;0;0
Vicinamibacterales_MAG_1;0;0;0;0;967.98474;283.55698;0;0;0;0;0;0;0;0;0;6476.265;3015.4805;2956.795;4080.0054;0;0;0;0;0;0;0;0